POA,Occupied private dwellings
"2000, NSW",10932
"2006, NSW",21
"2007, NSW",3290
"2008, NSW",2894
"2009, NSW",5654
"2010, NSW",13619
"2011, NSW",11012
"2015, NSW",4118
"2016, NSW",6114
"2017, NSW",7484
"2018, NSW",5961
"2019, NSW",3156
"2020, NSW",3853
"2021, NSW",6900
"2022, NSW",5241
"2023, NSW",4239
"2024, NSW",4462
"2025, NSW",3356
"2026, NSW",14151
"2027, NSW",3811
"2028, NSW",2219
"2029, NSW",4021
"2030, NSW",4930
"2031, NSW",13659
"2032, NSW",6061
"2033, NSW",4358
"2034, NSW",8623
"2035, NSW",13212
"2036, NSW",9476
"2037, NSW",6570
"2038, NSW",3739
"2039, NSW",3490
"2040, NSW",8702
"2041, NSW",6704
"2042, NSW",8216
"2043, NSW",3349
"2044, NSW",2894
"2045, NSW",2352
"2046, NSW",10285
"2047, NSW",4859
"2048, NSW",3296
"2049, NSW",4372
"2050, NSW",3542
"2052, NSW",43
"2060, NSW",6308
"2061, NSW",3178
"2062, NSW",3191
"2063, NSW",2060
"2064, NSW",3654
"2065, NSW",12612
"2066, NSW",10723
"2067, NSW",8906
"2068, NSW",5642
"2069, NSW",4471
"2070, NSW",4158
"2071, NSW",4158
"2072, NSW",2280
"2073, NSW",5166
"2074, NSW",7269
"2075, NSW",6354
"2076, NSW",7847
"2077, NSW",13526
"2079, NSW",2330
"2080, NSW",562
"2081, NSW",1665
"2082, NSW",1921
"2083, NSW",647
"2084, NSW",1128
"2085, NSW",3540
"2086, NSW",4256
"2087, NSW",4214
"2088, NSW",11652
"2089, NSW",5618
"2090, NSW",6327
"2092, NSW",2197
"2093, NSW",8068
"2094, NSW",2354
"2095, NSW",7079
"2096, NSW",5749
"2097, NSW",5168
"2099, NSW",14815
"2100, NSW",6664
"2101, NSW",7007
"2102, NSW",2055
"2103, NSW",3755
"2104, NSW",1223
"2105, NSW",668
"2106, NSW",3450
"2107, NSW",5123
"2108, NSW",766
"2109, NSW",288
"2110, NSW",3244
"2111, NSW",5418
"2112, NSW",10329
"2113, NSW",6520
"2114, NSW",8474
"2115, NSW",3314
"2116, NSW",2148
"2117, NSW",7002
"2118, NSW",7272
"2119, NSW",3507
"2120, NSW",6659
"2121, NSW",8742
"2122, NSW",10718
"2125, NSW",5086
"2126, NSW",5872
"2127, NSW",3361
"2128, NSW",636
"2129, NSW",0
"2130, NSW",2861
"2131, NSW",8750
"2132, NSW",3572
"2133, NSW",4028
"2134, NSW",4482
"2135, NSW",7848
"2136, NSW",2369
"2137, NSW",8807
"2138, NSW",5191
"2139, NSW",3
"2140, NSW",4521
"2141, NSW",8177
"2142, NSW",7727
"2143, NSW",2472
"2144, NSW",9963
"2145, NSW",24921
"2146, NSW",5426
"2147, NSW",12405
"2148, NSW",20090
"2150, NSW",9736
"2151, NSW",7424
"2152, NSW",4167
"2153, NSW",17401
"2154, NSW",12362
"2155, NSW",12889
"2156, NSW",3891
"2157, NSW",1172
"2158, NSW",2700
"2159, NSW",1549
"2160, NSW",11161
"2161, NSW",9038
"2162, NSW",5620
"2163, NSW",3039
"2164, NSW",5984
"2165, NSW",12497
"2166, NSW",15521
"2167, NSW",2483
"2168, NSW",12784
"2170, NSW",31562
"2171, NSW",6730
"2172, NSW",657
"2173, NSW",4047
"2174, NSW",137
"2175, NSW",576
"2176, NSW",13339
"2177, NSW",4281
"2178, NSW",1412
"2179, NSW",1690
"2190, NSW",7428
"2191, NSW",2099
"2192, NSW",4429
"2193, NSW",5204
"2194, NSW",7493
"2195, NSW",8358
"2196, NSW",9381
"2197, NSW",2637
"2198, NSW",2712
"2199, NSW",5106
"2200, NSW",13101
"2203, NSW",5541
"2204, NSW",9717
"2205, NSW",4525
"2206, NSW",6448
"2207, NSW",9301
"2208, NSW",4070
"2209, NSW",5349
"2210, NSW",10278
"2211, NSW",5849
"2212, NSW",5014
"2213, NSW",7248
"2214, NSW",1285
"2216, NSW",10051
"2217, NSW",9192
"2218, NSW",5659
"2219, NSW",5210
"2220, NSW",9834
"2221, NSW",5311
"2222, NSW",4491
"2223, NSW",7502
"2224, NSW",4987
"2225, NSW",1797
"2226, NSW",4183
"2227, NSW",5177
"2228, NSW",6915
"2229, NSW",10467
"2230, NSW",11789
"2231, NSW",741
"2232, NSW",12198
"2233, NSW",9851
"2234, NSW",9493
"2250, NSW",25296
"2251, NSW",12034
"2256, NSW",6548
"2257, NSW",11590
"2258, NSW",1791
"2259, NSW",19658
"2260, NSW",8169
"2261, NSW",20113
"2262, NSW",7755
"2263, NSW",9551
"2264, NSW",5214
"2265, NSW",1842
"2267, NSW",1147
"2278, NSW",887
"2280, NSW",10232
"2281, NSW",5483
"2282, NSW",5474
"2283, NSW",8955
"2284, NSW",4094
"2285, NSW",10192
"2286, NSW",1236
"2287, NSW",12271
"2289, NSW",7383
"2290, NSW",12484
"2291, NSW",5578
"2292, NSW",1064
"2293, NSW",979
"2294, NSW",844
"2295, NSW",2332
"2296, NSW",840
"2297, NSW",692
"2298, NSW",3842
"2299, NSW",4395
"2300, NSW",5019
"2302, NSW",362
"2303, NSW",3968
"2304, NSW",6246
"2305, NSW",4767
"2306, NSW",1286
"2307, NSW",1546
"2308, NSW",0
"2311, NSW",347
"2312, NSW",559
"2314, NSW",0
"2315, NSW",5642
"2316, NSW",2084
"2317, NSW",2708
"2318, NSW",3952
"2319, NSW",2584
"2320, NSW",10618
"2321, NSW",3913
"2322, NSW",6089
"2323, NSW",9497
"2324, NSW",8871
"2325, NSW",9760
"2326, NSW",2639
"2327, NSW",2960
"2328, NSW",950
"2329, NSW",845
"2330, NSW",7429
"2333, NSW",5045
"2334, NSW",870
"2335, NSW",1901
"2336, NSW",917
"2337, NSW",3055
"2338, NSW",690
"2339, NSW",257
"2340, NSW",17803
"2341, NSW",726
"2342, NSW",224
"2343, NSW",1844
"2344, NSW",273
"2345, NSW",292
"2346, NSW",1156
"2347, NSW",840
"2350, NSW",9549
"2351, NSW",0
"2352, NSW",1029
"2353, NSW",373
"2354, NSW",1466
"2355, NSW",334
"2357, NSW",1749
"2358, NSW",1567
"2359, NSW",230
"2360, NSW",5654
"2361, NSW",346
"2365, NSW",1332
"2369, NSW",419
"2370, NSW",3160
"2371, NSW",326
"2372, NSW",2112
"2380, NSW",4029
"2381, NSW",648
"2382, NSW",456
"2386, NSW",150
"2388, NSW",1216
"2390, NSW",3291
"2395, NSW",339
"2396, NSW",498
"2397, NSW",168
"2399, NSW",330
"2400, NSW",4018
"2401, NSW",128
"2402, NSW",804
"2403, NSW",221
"2404, NSW",779
"2405, NSW",237
"2406, NSW",306
"2408, NSW",170
"2409, NSW",359
"2410, NSW",148
"2415, NSW",113
"2420, NSW",1660
"2421, NSW",557
"2422, NSW",2237
"2423, NSW",1364
"2424, NSW",216
"2425, NSW",593
"2426, NSW",214
"2427, NSW",1171
"2428, NSW",10316
"2429, NSW",3731
"2430, NSW",13178
"2431, NSW",2401
"2439, NSW",913
"2440, NSW",8188
"2441, NSW",2399
"2443, NSW",4071
"2444, NSW",18326
"2445, NSW",2275
"2446, NSW",4722
"2447, NSW",2737
"2448, NSW",4018
"2449, NSW",932
"2450, NSW",15400
"2452, NSW",6168
"2453, NSW",1155
"2454, NSW",2935
"2455, NSW",1405
"2456, NSW",5505
"2460, NSW",11170
"2462, NSW",1071
"2463, NSW",2850
"2464, NSW",3225
"2465, NSW",145
"2466, NSW",939
"2469, NSW",1765
"2470, NSW",5739
"2471, NSW",927
"2472, NSW",747
"2473, NSW",1539
"2474, NSW",2620
"2475, NSW",180
"2476, NSW",386
"2477, NSW",4459
"2478, NSW",11430
"2479, NSW",1761
"2480, NSW",17601
"2481, NSW",4608
"2482, NSW",2394
"2483, NSW",4319
"2484, NSW",7134
"2485, NSW",6476
"2486, NSW",12734
"2487, NSW",4850
"2488, NSW",1251
"2489, NSW",2473
"2490, NSW",257
"2500, NSW",16107
"2502, NSW",4586
"2505, NSW",1999
"2506, NSW",2841
"2508, NSW",2817
"2515, NSW",3842
"2516, NSW",2064
"2517, NSW",4986
"2518, NSW",7713
"2519, NSW",6275
"2525, NSW",3796
"2526, NSW",5454
"2527, NSW",6930
"2528, NSW",9374
"2529, NSW",7901
"2530, NSW",10716
"2533, NSW",5819
"2534, NSW",1834
"2535, NSW",3005
"2536, NSW",7365
"2537, NSW",4665
"2538, NSW",852
"2539, NSW",7154
"2541, NSW",9851
"2545, NSW",452
"2546, NSW",4007
"2548, NSW",3127
"2549, NSW",1441
"2550, NSW",6314
"2551, NSW",1485
"2555, NSW",141
"2556, NSW",718
"2557, NSW",1173
"2558, NSW",3495
"2559, NSW",1049
"2560, NSW",24789
"2563, NSW",79
"2564, NSW",4584
"2565, NSW",5753
"2566, NSW",7708
"2567, NSW",10579
"2568, NSW",289
"2569, NSW",405
"2570, NSW",9598
"2571, NSW",3407
"2572, NSW",1328
"2573, NSW",1666
"2574, NSW",1865
"2575, NSW",5196
"2576, NSW",5147
"2577, NSW",5763
"2578, NSW",1012
"2579, NSW",1396
"2580, NSW",10760
"2581, NSW",804
"2582, NSW",4186
"2583, NSW",1666
"2584, NSW",201
"2585, NSW",116
"2586, NSW",1135
"2587, NSW",1192
"2588, NSW",114
"2590, NSW",2953
"2594, NSW",4440
"2619, NSW",3032
"2621, NSW",1858
"2622, NSW",1347
"2623, NSW",302
"2625, NSW",551
"2626, NSW",181
"2627, NSW",2004
"2628, NSW",753
"2629, NSW",279
"2630, NSW",3476
"2631, NSW",307
"2632, NSW",709
"2633, NSW",208
"2640, NSW",13335
"2641, NSW",6145
"2642, NSW",1850
"2643, NSW",1042
"2644, NSW",1083
"2645, NSW",133
"2646, NSW",2831
"2647, NSW",845
"2648, NSW",1080
"2649, NSW",4
"2650, NSW",20745
"2651, NSW",658
"2652, NSW",1854
"2653, NSW",898
"2655, NSW",399
"2656, NSW",520
"2658, NSW",564
"2659, NSW",348
"2660, NSW",642
"2661, NSW",64
"2663, NSW",1490
"2665, NSW",930
"2666, NSW",2066
"2668, NSW",157
"2669, NSW",764
"2671, NSW",1603
"2672, NSW",595
"2675, NSW",608
"2678, NSW",0
"2680, NSW",8320
"2681, NSW",625
"2700, NSW",1982
"2701, NSW",896
"2702, NSW",244
"2703, NSW",259
"2705, NSW",3758
"2706, NSW",460
"2707, NSW",501
"2710, NSW",4201
"2711, NSW",1382
"2712, NSW",606
"2713, NSW",1250
"2714, NSW",1026
"2715, NSW",668
"2716, NSW",437
"2717, NSW",549
"2720, NSW",3133
"2721, NSW",136
"2722, NSW",1184
"2725, NSW",183
"2726, NSW",132
"2727, NSW",220
"2729, NSW",684
"2730, NSW",620
"2731, NSW",2281
"2732, NSW",811
"2733, NSW",251
"2735, NSW",226
"2736, NSW",177
"2737, NSW",302
"2738, NSW",467
"2739, NSW",640
"2745, NSW",8206
"2747, NSW",12224
"2748, NSW",545
"2749, NSW",5109
"2750, NSW",16457
"2752, NSW",1506
"2753, NSW",5954
"2754, NSW",1950
"2756, NSW",11168
"2757, NSW",305
"2758, NSW",2795
"2759, NSW",8160
"2760, NSW",9894
"2761, NSW",7902
"2762, NSW",1312
"2763, NSW",9353
"2765, NSW",4889
"2766, NSW",4157
"2767, NSW",6076
"2768, NSW",7537
"2769, NSW",897
"2770, NSW",19133
"2773, NSW",2062
"2774, NSW",4575
"2775, NSW",653
"2776, NSW",1444
"2777, NSW",6387
"2778, NSW",911
"2779, NSW",1724
"2780, NSW",5631
"2782, NSW",2435
"2783, NSW",1125
"2784, NSW",473
"2785, NSW",2074
"2786, NSW",453
"2787, NSW",1649
"2790, NSW",6036
"2791, NSW",249
"2792, NSW",205
"2793, NSW",478
"2794, NSW",4124
"2795, NSW",14844
"2797, NSW",103
"2798, NSW",837
"2799, NSW",1497
"2800, NSW",15810
"2803, NSW",138
"2804, NSW",1056
"2805, NSW",134
"2806, NSW",366
"2807, NSW",124
"2808, NSW",141
"2809, NSW",126
"2810, NSW",1283
"2820, NSW",2982
"2821, NSW",1884
"2823, NSW",555
"2824, NSW",983
"2825, NSW",1073
"2827, NSW",1436
"2828, NSW",249
"2829, NSW",1272
"2830, NSW",14287
"2831, NSW",1454
"2832, NSW",1048
"2833, NSW",308
"2834, NSW",1354
"2835, NSW",1782
"2836, NSW",383
"2839, NSW",499
"2840, NSW",1207
"2842, NSW",197
"2843, NSW",499
"2844, NSW",586
"2845, NSW",696
"2846, NSW",155
"2847, NSW",910
"2848, NSW",747
"2849, NSW",704
"2850, NSW",6307
"2852, NSW",1312
"2864, NSW",421
"2865, NSW",297
"2866, NSW",1053
"2867, NSW",230
"2868, NSW",199
"2869, NSW",641
"2870, NSW",4781
"2871, NSW",3591
"2873, NSW",295
"2874, NSW",162
"2875, NSW",417
"2876, NSW",118
"2877, NSW",1654
"2878, NSW",82
"2879, NSW",430
"2880, NSW",8384
"2898, NSW",146
"3000, Vic",11622
"3002, Vic",2501
"3003, Vic",1613
"3004, Vic",4083
"3005, Vic",346
"3006, Vic",6022
"3008, Vic",2944
"3010, Vic",27
"3011, Vic",7693
"3012, Vic",9217
"3013, Vic",5593
"3015, Vic",6439
"3016, Vic",5752
"3018, Vic",5063
"3019, Vic",2899
"3020, Vic",14275
"3021, Vic",17814
"3022, Vic",1100
"3023, Vic",17744
"3024, Vic",6189
"3025, Vic",4265
"3026, Vic",75
"3027, Vic",1081
"3028, Vic",10147
"3029, Vic",22598
"3030, Vic",26916
"3031, Vic",7763
"3032, Vic",10289
"3033, Vic",4846
"3034, Vic",4111
"3036, Vic",2082
"3037, Vic",14415
"3038, Vic",8919
"3039, Vic",5515
"3040, Vic",9261
"3041, Vic",4144
"3042, Vic",5794
"3043, Vic",6699
"3044, Vic",9575
"3045, Vic",30
"3046, Vic",11676
"3047, Vic",6248
"3048, Vic",5347
"3049, Vic",3093
"3051, Vic",5291
"3052, Vic",1702
"3053, Vic",7011
"3054, Vic",3699
"3055, Vic",5884
"3056, Vic",9842
"3057, Vic",3764
"3058, Vic",12127
"3059, Vic",3416
"3060, Vic",4416
"3061, Vic",1766
"3062, Vic",0
"3063, Vic",205
"3064, Vic",15862
"3065, Vic",4267
"3066, Vic",3142
"3067, Vic",2107
"3068, Vic",7566
"3070, Vic",9426
"3071, Vic",7492
"3072, Vic",11686
"3073, Vic",18960
"3074, Vic",7044
"3075, Vic",6894
"3076, Vic",8706
"3078, Vic",4285
"3079, Vic",5700
"3081, Vic",5413
"3082, Vic",9904
"3083, Vic",9963
"3084, Vic",9317
"3085, Vic",5020
"3086, Vic",0
"3087, Vic",3452
"3088, Vic",9588
"3089, Vic",3722
"3090, Vic",611
"3091, Vic",460
"3093, Vic",1397
"3094, Vic",3443
"3095, Vic",9250
"3096, Vic",581
"3097, Vic",428
"3099, Vic",1656
"3101, Vic",8915
"3102, Vic",2200
"3103, Vic",5738
"3104, Vic",7016
"3105, Vic",4112
"3106, Vic",5481
"3107, Vic",4747
"3108, Vic",7120
"3109, Vic",9689
"3111, Vic",4086
"3113, Vic",2756
"3114, Vic",1123
"3115, Vic",1174
"3116, Vic",3229
"3121, Vic",12188
"3122, Vic",9288
"3123, Vic",5437
"3124, Vic",7029
"3125, Vic",4889
"3126, Vic",2751
"3127, Vic",6587
"3128, Vic",6896
"3129, Vic",6128
"3130, Vic",11314
"3131, Vic",8191
"3132, Vic",5820
"3133, Vic",7593
"3134, Vic",11502
"3135, Vic",7355
"3136, Vic",15599
"3137, Vic",4872
"3138, Vic",7230
"3139, Vic",4758
"3140, Vic",5730
"3141, Vic",10135
"3142, Vic",5949
"3143, Vic",4121
"3144, Vic",4055
"3145, Vic",8083
"3146, Vic",9465
"3147, Vic",5009
"3148, Vic",3017
"3149, Vic",11946
"3150, Vic",20455
"3151, Vic",3714
"3152, Vic",10824
"3153, Vic",7726
"3154, Vic",1515
"3155, Vic",8351
"3156, Vic",12724
"3158, Vic",2483
"3159, Vic",851
"3160, Vic",3249
"3161, Vic",5857
"3162, Vic",6324
"3163, Vic",12746
"3165, Vic",9617
"3166, Vic",8330
"3167, Vic",3311
"3168, Vic",6181
"3169, Vic",6668
"3170, Vic",6350
"3171, Vic",6673
"3172, Vic",7601
"3173, Vic",6289
"3174, Vic",13209
"3175, Vic",17067
"3177, Vic",3708
"3178, Vic",11092
"3179, Vic",2018
"3180, Vic",2660
"3181, Vic",9165
"3182, Vic",11380
"3183, Vic",8355
"3184, Vic",7429
"3185, Vic",5207
"3186, Vic",8146
"3187, Vic",5842
"3188, Vic",6410
"3189, Vic",2096
"3190, Vic",4145
"3191, Vic",3538
"3192, Vic",8163
"3193, Vic",7029
"3194, Vic",4953
"3195, Vic",12779
"3196, Vic",9859
"3197, Vic",4567
"3198, Vic",7018
"3199, Vic",21368
"3200, Vic",2286
"3201, Vic",7098
"3202, Vic",889
"3204, Vic",10654
"3205, Vic",4533
"3206, Vic",4413
"3207, Vic",7075
"3211, Vic",472
"3212, Vic",4792
"3214, Vic",9322
"3215, Vic",8075
"3216, Vic",20213
"3217, Vic",402
"3218, Vic",5606
"3219, Vic",8544
"3220, Vic",6435
"3221, Vic",2696
"3222, Vic",4570
"3223, Vic",2885
"3224, Vic",3712
"3225, Vic",1687
"3226, Vic",4803
"3227, Vic",1670
"3228, Vic",5344
"3230, Vic",1005
"3231, Vic",555
"3232, Vic",456
"3233, Vic",761
"3235, Vic",148
"3236, Vic",108
"3237, Vic",182
"3238, Vic",79
"3239, Vic",172
"3240, Vic",698
"3241, Vic",875
"3242, Vic",305
"3243, Vic",252
"3249, Vic",1064
"3250, Vic",4736
"3251, Vic",280
"3254, Vic",140
"3260, Vic",1815
"3264, Vic",963
"3265, Vic",955
"3266, Vic",1252
"3267, Vic",98
"3268, Vic",910
"3269, Vic",388
"3270, Vic",79
"3272, Vic",698
"3273, Vic",42
"3274, Vic",139
"3275, Vic",165
"3276, Vic",182
"3277, Vic",658
"3278, Vic",147
"3280, Vic",11893
"3281, Vic",567
"3282, Vic",852
"3283, Vic",326
"3284, Vic",1319
"3285, Vic",485
"3286, Vic",254
"3287, Vic",154
"3289, Vic",292
"3292, Vic",133
"3293, Vic",117
"3294, Vic",332
"3300, Vic",4284
"3301, Vic",593
"3302, Vic",206
"3303, Vic",169
"3304, Vic",1017
"3305, Vic",5162
"3309, Vic",84
"3310, Vic",163
"3311, Vic",750
"3312, Vic",377
"3314, Vic",278
"3315, Vic",692
"3317, Vic",146
"3318, Vic",445
"3319, Vic",143
"3321, Vic",408
"3324, Vic",273
"3325, Vic",240
"3328, Vic",488
"3329, Vic",119
"3330, Vic",172
"3331, Vic",1371
"3332, Vic",313
"3333, Vic",281
"3334, Vic",199
"3335, Vic",669
"3337, Vic",11412
"3338, Vic",5754
"3340, Vic",6603
"3341, Vic",541
"3342, Vic",1193
"3345, Vic",463
"3350, Vic",21695
"3351, Vic",2806
"3352, Vic",5183
"3355, Vic",5420
"3356, Vic",5803
"3357, Vic",1180
"3360, Vic",333
"3361, Vic",361
"3363, Vic",1319
"3364, Vic",792
"3370, Vic",689
"3371, Vic",482
"3373, Vic",796
"3374, Vic",236
"3375, Vic",107
"3377, Vic",3414
"3378, Vic",127
"3379, Vic",244
"3380, Vic",2608
"3381, Vic",469
"3384, Vic",333
"3385, Vic",224
"3387, Vic",134
"3388, Vic",223
"3390, Vic",410
"3391, Vic",102
"3392, Vic",267
"3393, Vic",1191
"3395, Vic",253
"3396, Vic",243
"3400, Vic",6062
"3401, Vic",1652
"3407, Vic",150
"3409, Vic",435
"3412, Vic",111
"3413, Vic",90
"3414, Vic",721
"3418, Vic",1139
"3419, Vic",439
"3420, Vic",117
"3423, Vic",251
"3424, Vic",313
"3427, Vic",884
"3428, Vic",225
"3429, Vic",12226
"3430, Vic",155
"3431, Vic",1264
"3433, Vic",98
"3434, Vic",1526
"3435, Vic",1016
"3437, Vic",2976
"3438, Vic",747
"3440, Vic",690
"3441, Vic",482
"3442, Vic",2674
"3444, Vic",3377
"3446, Vic",230
"3447, Vic",198
"3448, Vic",278
"3450, Vic",3023
"3451, Vic",1786
"3453, Vic",598
"3458, Vic",731
"3460, Vic",1232
"3461, Vic",1656
"3462, Vic",438
"3463, Vic",1234
"3464, Vic",435
"3465, Vic",3788
"3467, Vic",557
"3468, Vic",94
"3469, Vic",185
"3472, Vic",669
"3475, Vic",127
"3477, Vic",158
"3478, Vic",1293
"3480, Vic",706
"3482, Vic",166
"3483, Vic",287
"3485, Vic",91
"3490, Vic",466
"3491, Vic",170
"3494, Vic",280
"3496, Vic",2244
"3498, Vic",1803
"3500, Vic",12665
"3501, Vic",683
"3505, Vic",1750
"3507, Vic",164
"3509, Vic",83
"3512, Vic",246
"3515, Vic",335
"3516, Vic",287
"3517, Vic",665
"3518, Vic",626
"3520, Vic",121
"3521, Vic",265
"3522, Vic",161
"3523, Vic",1589
"3525, Vic",556
"3527, Vic",359
"3530, Vic",131
"3531, Vic",125
"3533, Vic",356
"3537, Vic",473
"3540, Vic",145
"3542, Vic",81
"3544, Vic",128
"3546, Vic",186
"3549, Vic",1375
"3550, Vic",16480
"3551, Vic",8262
"3555, Vic",7546
"3556, Vic",4573
"3557, Vic",225
"3558, Vic",430
"3559, Vic",236
"3561, Vic",1828
"3562, Vic",98
"3563, Vic",286
"3564, Vic",6011
"3566, Vic",219
"3567, Vic",243
"3568, Vic",1178
"3570, Vic",218
"3571, Vic",122
"3572, Vic",73
"3573, Vic",199
"3575, Vic",360
"3579, Vic",2222
"3580, Vic",362
"3581, Vic",113
"3584, Vic",496
"3586, Vic",270
"3588, Vic",113
"3589, Vic",115
"3590, Vic",141
"3591, Vic",102
"3594, Vic",225
"3595, Vic",254
"3596, Vic",66
"3597, Vic",222
"3608, Vic",1019
"3610, Vic",553
"3612, Vic",719
"3614, Vic",256
"3616, Vic",1958
"3617, Vic",111
"3618, Vic",266
"3620, Vic",3159
"3621, Vic",829
"3622, Vic",124
"3623, Vic",385
"3624, Vic",227
"3629, Vic",3615
"3630, Vic",11445
"3631, Vic",3493
"3633, Vic",221
"3634, Vic",615
"3635, Vic",249
"3636, Vic",2173
"3637, Vic",245
"3638, Vic",827
"3639, Vic",229
"3640, Vic",400
"3641, Vic",433
"3646, Vic",300
"3649, Vic",167
"3658, Vic",2219
"3659, Vic",309
"3660, Vic",3102
"3662, Vic",273
"3663, Vic",80
"3664, Vic",410
"3666, Vic",2108
"3669, Vic",458
"3670, Vic",272
"3672, Vic",4375
"3673, Vic",593
"3675, Vic",560
"3677, Vic",7221
"3678, Vic",2387
"3682, Vic",239
"3683, Vic",681
"3685, Vic",1007
"3687, Vic",360
"3688, Vic",452
"3690, Vic",12189
"3691, Vic",2732
"3694, Vic",142
"3695, Vic",158
"3697, Vic",246
"3698, Vic",385
"3699, Vic",476
"3700, Vic",476
"3701, Vic",412
"3705, Vic",173
"3707, Vic",722
"3709, Vic",147
"3711, Vic",99
"3712, Vic",158
"3713, Vic",430
"3714, Vic",1395
"3715, Vic",130
"3717, Vic",1157
"3719, Vic",215
"3720, Vic",208
"3722, Vic",1765
"3723, Vic",1218
"3725, Vic",125
"3726, Vic",344
"3727, Vic",137
"3728, Vic",233
"3730, Vic",3302
"3732, Vic",181
"3733, Vic",179
"3735, Vic",204
"3737, Vic",1736
"3739, Vic",153
"3740, Vic",403
"3741, Vic",1623
"3744, Vic",115
"3746, Vic",101
"3747, Vic",1691
"3749, Vic",656
"3750, Vic",185
"3751, Vic",122
"3752, Vic",6542
"3753, Vic",270
"3754, Vic",5894
"3755, Vic",102
"3756, Vic",3032
"3757, Vic",2715
"3758, Vic",684
"3759, Vic",383
"3760, Vic",139
"3761, Vic",367
"3763, Vic",482
"3764, Vic",2675
"3765, Vic",2311
"3766, Vic",479
"3767, Vic",479
"3770, Vic",1087
"3775, Vic",1262
"3777, Vic",4018
"3778, Vic",206
"3779, Vic",112
"3781, Vic",1505
"3782, Vic",2704
"3783, Vic",739
"3785, Vic",0
"3786, Vic",564
"3787, Vic",416
"3788, Vic",661
"3789, Vic",101
"3791, Vic",587
"3792, Vic",369
"3793, Vic",1288
"3795, Vic",425
"3796, Vic",3191
"3797, Vic",1186
"3799, Vic",2473
"3800, Vic",8
"3802, Vic",7959
"3803, Vic",3319
"3804, Vic",1883
"3805, Vic",17109
"3806, Vic",15291
"3807, Vic",2183
"3808, Vic",920
"3809, Vic",618
"3810, Vic",12614
"3812, Vic",765
"3813, Vic",355
"3814, Vic",682
"3815, Vic",999
"3816, Vic",744
"3818, Vic",4598
"3820, Vic",5554
"3821, Vic",921
"3822, Vic",361
"3823, Vic",691
"3824, Vic",1812
"3825, Vic",8472
"3831, Vic",536
"3832, Vic",158
"3833, Vic",132
"3835, Vic",186
"3840, Vic",6897
"3842, Vic",1829
"3844, Vic",10894
"3847, Vic",850
"3850, Vic",5812
"3851, Vic",1688
"3852, Vic",18
"3854, Vic",509
"3856, Vic",340
"3857, Vic",127
"3858, Vic",1157
"3859, Vic",332
"3860, Vic",2737
"3862, Vic",1217
"3864, Vic",156
"3865, Vic",164
"3869, Vic",539
"3870, Vic",600
"3871, Vic",1040
"3873, Vic",178
"3874, Vic",218
"3875, Vic",6767
"3878, Vic",302
"3880, Vic",1657
"3882, Vic",396
"3885, Vic",735
"3886, Vic",162
"3887, Vic",140
"3888, Vic",1601
"3889, Vic",137
"3890, Vic",87
"3891, Vic",94
"3892, Vic",502
"3895, Vic",80
"3896, Vic",182
"3898, Vic",375
"3900, Vic",102
"3902, Vic",161
"3903, Vic",286
"3904, Vic",513
"3909, Vic",3214
"3910, Vic",7671
"3911, Vic",1214
"3912, Vic",5177
"3913, Vic",1181
"3915, Vic",3620
"3916, Vic",215
"3918, Vic",1184
"3919, Vic",1088
"3920, Vic",93
"3921, Vic",48
"3922, Vic",2955
"3923, Vic",291
"3925, Vic",1318
"3926, Vic",1259
"3927, Vic",556
"3928, Vic",178
"3929, Vic",355
"3930, Vic",5993
"3931, Vic",9267
"3933, Vic",350
"3934, Vic",6028
"3936, Vic",3825
"3937, Vic",700
"3938, Vic",1077
"3939, Vic",5883
"3940, Vic",2129
"3941, Vic",4910
"3942, Vic",958
"3943, Vic",645
"3944, Vic",187
"3945, Vic",383
"3950, Vic",1842
"3951, Vic",354
"3953, Vic",2895
"3954, Vic",137
"3956, Vic",962
"3957, Vic",181
"3958, Vic",180
"3959, Vic",412
"3960, Vic",1013
"3962, Vic",506
"3965, Vic",95
"3966, Vic",284
"3971, Vic",1717
"3975, Vic",3523
"3976, Vic",7512
"3977, Vic",23106
"3978, Vic",413
"3979, Vic",264
"3980, Vic",1136
"3981, Vic",1545
"3984, Vic",2056
"3987, Vic",459
"3988, Vic",335
"3991, Vic",165
"3992, Vic",257
"3995, Vic",3979
"3996, Vic",2297
"4000, Qld",6848
"4005, Qld",5682
"4006, Qld",7560
"4007, Qld",4574
"4008, Qld",129
"4009, Qld",0
"4010, Qld",961
"4011, Qld",6177
"4012, Qld",8618
"4013, Qld",1802
"4014, Qld",3950
"4017, Qld",13407
"4018, Qld",3724
"4019, Qld",8377
"4020, Qld",9057
"4021, Qld",3761
"4022, Qld",2320
"4025, Qld",59
"4030, Qld",6325
"4031, Qld",5329
"4032, Qld",6147
"4034, Qld",16308
"4035, Qld",7786
"4036, Qld",2458
"4037, Qld",2445
"4051, Qld",10170
"4053, Qld",16147
"4054, Qld",4943
"4055, Qld",6513
"4059, Qld",4692
"4060, Qld",4722
"4061, Qld",5542
"4064, Qld",4230
"4065, Qld",3338
"4066, Qld",6951
"4067, Qld",3792
"4068, Qld",8981
"4069, Qld",11071
"4070, Qld",3470
"4072, Qld",15
"4073, Qld",3066
"4074, Qld",8123
"4075, Qld",7762
"4076, Qld",1585
"4077, Qld",8786
"4078, Qld",7805
"4101, Qld",8548
"4102, Qld",2599
"4103, Qld",5573
"4104, Qld",2313
"4105, Qld",5385
"4106, Qld",494
"4107, Qld",2206
"4108, Qld",1833
"4109, Qld",12275
"4110, Qld",3396
"4111, Qld",370
"4112, Qld",2405
"4113, Qld",9526
"4114, Qld",11563
"4115, Qld",5871
"4116, Qld",7362
"4117, Qld",364
"4118, Qld",9500
"4119, Qld",1829
"4120, Qld",3895
"4121, Qld",8946
"4122, Qld",15415
"4123, Qld",5944
"4124, Qld",5766
"4125, Qld",2427
"4127, Qld",7950
"4128, Qld",5423
"4129, Qld",2073
"4130, Qld",2668
"4131, Qld",3117
"4132, Qld",6969
"4133, Qld",5115
"4151, Qld",6539
"4152, Qld",15764
"4153, Qld",1564
"4154, Qld",2913
"4155, Qld",332
"4156, Qld",901
"4157, Qld",6827
"4158, Qld",1507
"4159, Qld",4835
"4160, Qld",6144
"4161, Qld",5822
"4163, Qld",5910
"4164, Qld",4183
"4165, Qld",11424
"4169, Qld",5926
"4170, Qld",9009
"4171, Qld",5747
"4172, Qld",1460
"4173, Qld",3276
"4174, Qld",959
"4178, Qld",9338
"4179, Qld",6869
"4183, Qld",978
"4184, Qld",3001
"4205, Qld",1829
"4207, Qld",17082
"4208, Qld",5233
"4209, Qld",10976
"4210, Qld",5577
"4211, Qld",20253
"4212, Qld",9172
"4213, Qld",9339
"4214, Qld",12714
"4215, Qld",20331
"4216, Qld",15124
"4217, Qld",16845
"4218, Qld",13281
"4219, Qld",295
"4220, Qld",12447
"4221, Qld",10735
"4223, Qld",5564
"4224, Qld",2316
"4225, Qld",3796
"4226, Qld",10695
"4227, Qld",6699
"4228, Qld",1619
"4229, Qld",688
"4230, Qld",744
"4270, Qld",1144
"4271, Qld",1152
"4272, Qld",1730
"4275, Qld",1049
"4280, Qld",4646
"4285, Qld",6488
"4287, Qld",240
"4300, Qld",15047
"4301, Qld",7608
"4303, Qld",1388
"4304, Qld",6021
"4305, Qld",21433
"4306, Qld",10399
"4307, Qld",391
"4309, Qld",895
"4310, Qld",2390
"4311, Qld",3380
"4312, Qld",1267
"4313, Qld",727
"4340, Qld",2164
"4341, Qld",4724
"4342, Qld",758
"4343, Qld",3881
"4344, Qld",847
"4345, Qld",3
"4346, Qld",228
"4347, Qld",399
"4350, Qld",39887
"4352, Qld",8273
"4353, Qld",133
"4354, Qld",397
"4355, Qld",1111
"4356, Qld",1778
"4357, Qld",975
"4358, Qld",696
"4359, Qld",424
"4360, Qld",186
"4361, Qld",865
"4362, Qld",1054
"4363, Qld",191
"4364, Qld",100
"4365, Qld",169
"4370, Qld",6715
"4371, Qld",295
"4372, Qld",74
"4373, Qld",467
"4374, Qld",155
"4375, Qld",58
"4376, Qld",122
"4377, Qld",177
"4378, Qld",186
"4380, Qld",3121
"4381, Qld",174
"4382, Qld",178
"4385, Qld",526
"4387, Qld",570
"4388, Qld",185
"4390, Qld",2598
"4400, Qld",660
"4401, Qld",1996
"4402, Qld",117
"4403, Qld",291
"4404, Qld",122
"4405, Qld",5051
"4406, Qld",576
"4407, Qld",255
"4408, Qld",340
"4410, Qld",525
"4411, Qld",123
"4412, Qld",133
"4413, Qld",2577
"4415, Qld",758
"4416, Qld",179
"4417, Qld",300
"4419, Qld",449
"4420, Qld",453
"4421, Qld",889
"4422, Qld",291
"4424, Qld",79
"4425, Qld",104
"4427, Qld",82
"4428, Qld",370
"4454, Qld",378
"4455, Qld",3182
"4462, Qld",52
"4465, Qld",723
"4468, Qld",142
"4470, Qld",1515
"4472, Qld",708
"4477, Qld",264
"4478, Qld",278
"4480, Qld",461
"4481, Qld",194
"4486, Qld",291
"4487, Qld",1287
"4488, Qld",140
"4490, Qld",900
"4492, Qld",199
"4494, Qld",81
"4496, Qld",147
"4497, Qld",154
"4498, Qld",84
"4500, Qld",12848
"4501, Qld",2100
"4502, Qld",2981
"4503, Qld",12477
"4504, Qld",4995
"4505, Qld",6558
"4506, Qld",6656
"4507, Qld",7974
"4508, Qld",7062
"4509, Qld",6407
"4510, Qld",15558
"4511, Qld",3044
"4512, Qld",967
"4514, Qld",1985
"4515, Qld",1335
"4516, Qld",1158
"4517, Qld",252
"4518, Qld",1681
"4519, Qld",2806
"4520, Qld",4002
"4521, Qld",1561
"4550, Qld",1583
"4551, Qld",19980
"4552, Qld",3335
"4553, Qld",1794
"4554, Qld",637
"4555, Qld",2368
"4556, Qld",14455
"4557, Qld",6044
"4558, Qld",8450
"4559, Qld",2169
"4560, Qld",10907
"4561, Qld",2421
"4562, Qld",2642
"4563, Qld",3107
"4564, Qld",4095
"4565, Qld",5841
"4566, Qld",3338
"4567, Qld",4584
"4568, Qld",1304
"4569, Qld",586
"4570, Qld",15391
"4571, Qld",273
"4572, Qld",1751
"4573, Qld",8471
"4574, Qld",514
"4575, Qld",8550
"4580, Qld",2077
"4581, Qld",927
"4600, Qld",437
"4601, Qld",432
"4605, Qld",1622
"4606, Qld",875
"4608, Qld",364
"4610, Qld",5705
"4611, Qld",92
"4612, Qld",165
"4613, Qld",247
"4614, Qld",528
"4615, Qld",2778
"4620, Qld",231
"4621, Qld",637
"4625, Qld",1300
"4626, Qld",942
"4627, Qld",286
"4630, Qld",1134
"4650, Qld",13024
"4655, Qld",22953
"4659, Qld",1923
"4660, Qld",2934
"4662, Qld",375
"4670, Qld",30867
"4671, Qld",2395
"4673, Qld",232
"4674, Qld",605
"4676, Qld",106
"4677, Qld",1498
"4678, Qld",384
"4680, Qld",18832
"4694, Qld",83
"4695, Qld",508
"4699, Qld",212
"4700, Qld",7134
"4701, Qld",15962
"4702, Qld",10028
"4703, Qld",8337
"4705, Qld",123
"4707, Qld",273
"4709, Qld",431
"4710, Qld",1607
"4711, Qld",560
"4712, Qld",133
"4713, Qld",220
"4714, Qld",1291
"4715, Qld",2689
"4716, Qld",364
"4717, Qld",1825
"4718, Qld",1059
"4719, Qld",387
"4720, Qld",4756
"4721, Qld",1456
"4722, Qld",665
"4723, Qld",603
"4724, Qld",240
"4725, Qld",755
"4726, Qld",285
"4727, Qld",156
"4728, Qld",165
"4730, Qld",1682
"4731, Qld",193
"4733, Qld",235
"4735, Qld",507
"4737, Qld",2770
"4738, Qld",446
"4739, Qld",199
"4740, Qld",29027
"4741, Qld",3093
"4742, Qld",547
"4743, Qld",450
"4744, Qld",3015
"4745, Qld",980
"4746, Qld",620
"4750, Qld",1867
"4751, Qld",1459
"4753, Qld",960
"4754, Qld",661
"4756, Qld",218
"4757, Qld",170
"4798, Qld",245
"4799, Qld",390
"4800, Qld",3485
"4801, Qld",3
"4802, Qld",3737
"4803, Qld",304
"4804, Qld",1045
"4805, Qld",4675
"4806, Qld",1632
"4807, Qld",4434
"4808, Qld",478
"4809, Qld",423
"4810, Qld",9904
"4811, Qld",4247
"4812, Qld",8476
"4813, Qld",0
"4814, Qld",15646
"4815, Qld",6993
"4816, Qld",3096
"4817, Qld",10227
"4818, Qld",7199
"4819, Qld",1185
"4820, Qld",4146
"4821, Qld",674
"4822, Qld",403
"4823, Qld",390
"4824, Qld",1181
"4828, Qld",180
"4829, Qld",390
"4830, Qld",321
"4849, Qld",766
"4850, Qld",4890
"4852, Qld",1708
"4854, Qld",2186
"4855, Qld",366
"4856, Qld",213
"4857, Qld",75
"4858, Qld",528
"4859, Qld",165
"4860, Qld",4478
"4861, Qld",448
"4865, Qld",2658
"4868, Qld",8181
"4869, Qld",5896
"4870, Qld",27780
"4871, Qld",6065
"4872, Qld",1597
"4873, Qld",2668
"4874, Qld",1612
"4875, Qld",1916
"4876, Qld",804
"4877, Qld",2463
"4878, Qld",5072
"4879, Qld",7187
"4880, Qld",4629
"4881, Qld",1661
"4882, Qld",975
"4883, Qld",3344
"4884, Qld",716
"4885, Qld",1474
"4886, Qld",365
"4887, Qld",916
"4888, Qld",1174
"4890, Qld",659
"4891, Qld",602
"4895, Qld",1675
"5000, SA",6505
"5005, SA",0
"5006, SA",2934
"5007, SA",2698
"5008, SA",5556
"5009, SA",1989
"5010, SA",2085
"5011, SA",3805
"5012, SA",3673
"5013, SA",4055
"5014, SA",5065
"5015, SA",2683
"5016, SA",3455
"5017, SA",2120
"5018, SA",2312
"5019, SA",4094
"5020, SA",1197
"5021, SA",2463
"5022, SA",6246
"5023, SA",6876
"5024, SA",5352
"5025, SA",3169
"5031, SA",4145
"5032, SA",5232
"5033, SA",3432
"5034, SA",4006
"5035, SA",2612
"5037, SA",4383
"5038, SA",6657
"5039, SA",3656
"5040, SA",964
"5041, SA",4980
"5042, SA",4184
"5043, SA",7933
"5044, SA",4552
"5045, SA",7298
"5046, SA",3639
"5047, SA",3212
"5048, SA",5718
"5049, SA",3872
"5050, SA",2068
"5051, SA",4950
"5052, SA",2396
"5061, SA",3997
"5062, SA",5802
"5063, SA",4904
"5064, SA",3707
"5065, SA",4098
"5066, SA",4361
"5067, SA",4661
"5068, SA",5193
"5069, SA",3450
"5070, SA",6274
"5072, SA",4875
"5073, SA",5838
"5074, SA",5007
"5075, SA",3965
"5076, SA",3330
"5081, SA",3632
"5082, SA",5782
"5083, SA",3125
"5084, SA",3755
"5085, SA",6030
"5086, SA",6162
"5087, SA",4636
"5088, SA",1368
"5089, SA",2401
"5090, SA",3115
"5091, SA",2840
"5092, SA",6282
"5093, SA",3498
"5094, SA",307
"5095, SA",6936
"5096, SA",5499
"5097, SA",5226
"5098, SA",4677
"5106, SA",0
"5107, SA",5469
"5108, SA",14487
"5109, SA",7933
"5110, SA",2882
"5111, SA",0
"5112, SA",7872
"5113, SA",7544
"5114, SA",10184
"5115, SA",2518
"5116, SA",3069
"5117, SA",723
"5118, SA",6815
"5120, SA",623
"5121, SA",515
"5125, SA",6797
"5126, SA",2766
"5127, SA",3018
"5131, SA",296
"5132, SA",124
"5133, SA",182
"5134, SA",166
"5136, SA",173
"5137, SA",159
"5138, SA",139
"5139, SA",66
"5140, SA",159
"5141, SA",239
"5142, SA",200
"5144, SA",154
"5151, SA",131
"5152, SA",2230
"5153, SA",2328
"5154, SA",1102
"5155, SA",1467
"5156, SA",353
"5157, SA",988
"5158, SA",8710
"5159, SA",12095
"5160, SA",13
"5161, SA",3940
"5162, SA",13336
"5163, SA",5485
"5164, SA",2210
"5165, SA",2260
"5166, SA",823
"5167, SA",2165
"5168, SA",1930
"5169, SA",5437
"5170, SA",465
"5171, SA",2189
"5172, SA",1455
"5173, SA",4574
"5174, SA",1020
"5201, SA",665
"5202, SA",243
"5203, SA",432
"5204, SA",1129
"5210, SA",610
"5211, SA",6377
"5212, SA",878
"5213, SA",477
"5214, SA",3505
"5220, SA",55
"5221, SA",100
"5222, SA",272
"5223, SA",1517
"5231, SA",418
"5232, SA",162
"5233, SA",493
"5234, SA",477
"5235, SA",799
"5236, SA",230
"5237, SA",28
"5238, SA",1686
"5240, SA",211
"5241, SA",896
"5242, SA",416
"5243, SA",356
"5244, SA",1429
"5245, SA",1252
"5250, SA",1091
"5251, SA",4937
"5252, SA",2115
"5253, SA",7142
"5254, SA",891
"5255, SA",3295
"5256, SA",513
"5259, SA",276
"5260, SA",762
"5261, SA",148
"5262, SA",196
"5263, SA",140
"5264, SA",646
"5265, SA",340
"5266, SA",129
"5267, SA",848
"5268, SA",1213
"5269, SA",97
"5270, SA",346
"5271, SA",2725
"5272, SA",366
"5275, SA",976
"5276, SA",620
"5277, SA",1063
"5278, SA",205
"5279, SA",146
"5280, SA",3037
"5290, SA",10413
"5291, SA",3043
"5301, SA",192
"5302, SA",355
"5303, SA",145
"5304, SA",250
"5307, SA",251
"5308, SA",91
"5309, SA",72
"5311, SA",242
"5320, SA",293
"5321, SA",131
"5322, SA",402
"5330, SA",1281
"5331, SA",270
"5332, SA",57
"5333, SA",2308
"5340, SA",594
"5341, SA",3076
"5342, SA",439
"5343, SA",2229
"5344, SA",335
"5345, SA",1450
"5346, SA",169
"5350, SA",161
"5351, SA",1972
"5352, SA",2081
"5353, SA",1582
"5354, SA",221
"5355, SA",2878
"5356, SA",249
"5357, SA",272
"5360, SA",399
"5371, SA",458
"5372, SA",677
"5373, SA",1289
"5374, SA",587
"5381, SA",147
"5400, SA",318
"5401, SA",332
"5410, SA",89
"5411, SA",121
"5412, SA",503
"5413, SA",305
"5414, SA",100
"5415, SA",145
"5416, SA",60
"5417, SA",772
"5419, SA",105
"5421, SA",106
"5422, SA",917
"5431, SA",373
"5433, SA",631
"5434, SA",160
"5440, SA",284
"5451, SA",253
"5452, SA",173
"5453, SA",1809
"5454, SA",152
"5460, SA",235
"5461, SA",1019
"5462, SA",151
"5464, SA",159
"5470, SA",98
"5472, SA",105
"5473, SA",332
"5480, SA",344
"5481, SA",237
"5482, SA",233
"5483, SA",195
"5485, SA",342
"5490, SA",76
"5491, SA",751
"5495, SA",248
"5501, SA",2413
"5502, SA",598
"5510, SA",148
"5520, SA",261
"5521, SA",151
"5522, SA",735
"5523, SA",713
"5540, SA",6346
"5550, SA",373
"5552, SA",41
"5554, SA",2096
"5555, SA",207
"5556, SA",1681
"5558, SA",1772
"5560, SA",171
"5570, SA",358
"5571, SA",785
"5572, SA",144
"5573, SA",860
"5575, SA",1322
"5576, SA",403
"5577, SA",100
"5580, SA",181
"5581, SA",239
"5582, SA",235
"5583, SA",362
"5600, SA",2994
"5601, SA",92
"5602, SA",466
"5603, SA",118
"5604, SA",56
"5605, SA",794
"5606, SA",5757
"5607, SA",1715
"5608, SA",6114
"5609, SA",526
"5630, SA",78
"5631, SA",396
"5633, SA",172
"5640, SA",413
"5641, SA",445
"5642, SA",183
"5650, SA",113
"5652, SA",230
"5654, SA",141
"5670, SA",164
"5680, SA",963
"5690, SA",1671
"5700, SA",4799
"5710, SA",1128
"5720, SA",124
"5722, SA",290
"5723, SA",841
"5724, SA",182
"5725, SA",1474
"5731, SA",600
"5732, SA",79
"5734, SA",61
"5950, SA",0
"5960, SA",11
"6000, WA",4845
"6003, WA",1492
"6004, WA",4375
"6005, WA",2935
"6006, WA",3555
"6007, WA",3001
"6008, WA",6292
"6009, WA",6173
"6010, WA",6204
"6011, WA",3520
"6012, WA",3582
"6014, WA",7640
"6015, WA",2226
"6016, WA",3983
"6017, WA",2093
"6018, WA",13764
"6019, WA",9078
"6020, WA",7661
"6021, WA",7665
"6022, WA",1946
"6023, WA",5295
"6024, WA",5105
"6025, WA",11075
"6026, WA",7849
"6027, WA",15288
"6028, WA",6445
"6029, WA",1000
"6030, WA",12946
"6031, WA",3643
"6032, WA",72
"6033, WA",238
"6035, WA",1507
"6036, WA",3503
"6037, WA",901
"6041, WA",521
"6042, WA",28
"6043, WA",84
"6044, WA",605
"6050, WA",6062
"6051, WA",6191
"6052, WA",4390
"6053, WA",5638
"6054, WA",8007
"6055, WA",4347
"6056, WA",14381
"6057, WA",5811
"6058, WA",4654
"6059, WA",9074
"6060, WA",10568
"6061, WA",13209
"6062, WA",11863
"6063, WA",4689
"6064, WA",10645
"6065, WA",17726
"6066, WA",6195
"6067, WA",32
"6068, WA",3
"6069, WA",8476
"6070, WA",1300
"6071, WA",1255
"6072, WA",298
"6073, WA",1221
"6074, WA",343
"6076, WA",7883
"6077, WA",534
"6078, WA",266
"6079, WA",0
"6081, WA",1602
"6082, WA",1099
"6083, WA",1257
"6084, WA",2264
"6090, WA",5
"6100, WA",6238
"6101, WA",6469
"6102, WA",5369
"6103, WA",3728
"6104, WA",5457
"6105, WA",5453
"6106, WA",4
"6107, WA",13673
"6108, WA",8248
"6109, WA",4070
"6110, WA",12789
"6111, WA",8282
"6112, WA",14744
"6121, WA",875
"6122, WA",3058
"6123, WA",488
"6124, WA",389
"6125, WA",954
"6126, WA",100
"6147, WA",5611
"6148, WA",6499
"6149, WA",6553
"6150, WA",4410
"6151, WA",7288
"6152, WA",10183
"6153, WA",7575
"6154, WA",3882
"6155, WA",15378
"6156, WA",6263
"6157, WA",5735
"6158, WA",2750
"6159, WA",1266
"6160, WA",3746
"6161, WA",48
"6162, WA",4543
"6163, WA",18604
"6164, WA",16297
"6165, WA",34
"6166, WA",3068
"6167, WA",8411
"6168, WA",9963
"6169, WA",12943
"6170, WA",2201
"6171, WA",5301
"6172, WA",4503
"6173, WA",3185
"6174, WA",771
"6175, WA",981
"6176, WA",229
"6180, WA",1185
"6181, WA",152
"6182, WA",0
"6207, WA",383
"6208, WA",3734
"6209, WA",768
"6210, WA",24576
"6211, WA",2052
"6213, WA",301
"6214, WA",137
"6215, WA",1386
"6218, WA",195
"6220, WA",1816
"6221, WA",153
"6224, WA",451
"6225, WA",3430
"6226, WA",213
"6227, WA",173
"6229, WA",208
"6230, WA",16021
"6232, WA",3396
"6233, WA",5598
"6236, WA",690
"6237, WA",926
"6239, WA",1503
"6240, WA",112
"6244, WA",635
"6251, WA",177
"6253, WA",266
"6254, WA",267
"6255, WA",1420
"6256, WA",82
"6258, WA",2515
"6260, WA",615
"6262, WA",345
"6271, WA",1056
"6275, WA",564
"6280, WA",9014
"6281, WA",2105
"6282, WA",461
"6284, WA",584
"6285, WA",2962
"6286, WA",257
"6288, WA",174
"6290, WA",735
"6302, WA",1396
"6304, WA",685
"6306, WA",365
"6308, WA",644
"6309, WA",117
"6311, WA",235
"6312, WA",1829
"6313, WA",140
"6315, WA",753
"6316, WA",159
"6317, WA",1581
"6318, WA",91
"6320, WA",323
"6321, WA",112
"6322, WA",179
"6323, WA",386
"6324, WA",1199
"6326, WA",186
"6327, WA",118
"6328, WA",187
"6330, WA",12772
"6333, WA",2181
"6335, WA",317
"6336, WA",114
"6337, WA",197
"6338, WA",319
"6341, WA",122
"6343, WA",94
"6346, WA",254
"6348, WA",567
"6350, WA",103
"6352, WA",165
"6353, WA",299
"6355, WA",353
"6358, WA",92
"6359, WA",156
"6365, WA",251
"6367, WA",114
"6368, WA",79
"6369, WA",258
"6370, WA",222
"6373, WA",97
"6375, WA",364
"6383, WA",433
"6386, WA",97
"6390, WA",622
"6391, WA",379
"6392, WA",206
"6393, WA",160
"6394, WA",156
"6395, WA",612
"6396, WA",145
"6397, WA",126
"6398, WA",237
"6401, WA",2951
"6403, WA",78
"6405, WA",113
"6407, WA",399
"6409, WA",153
"6410, WA",451
"6413, WA",57
"6415, WA",1160
"6418, WA",307
"6421, WA",89
"6423, WA",105
"6425, WA",69
"6426, WA",449
"6429, WA",492
"6430, WA",8321
"6431, WA",168
"6432, WA",2959
"6434, WA",39
"6436, WA",80
"6437, WA",220
"6438, WA",311
"6440, WA",257
"6442, WA",1004
"6443, WA",512
"6445, WA",59
"6447, WA",151
"6448, WA",136
"6450, WA",4840
"6460, WA",417
"6461, WA",177
"6462, WA",120
"6468, WA",71
"6472, WA",82
"6475, WA",184
"6477, WA",130
"6479, WA",223
"6484, WA",34
"6485, WA",245
"6488, WA",151
"6490, WA",95
"6501, WA",364
"6502, WA",410
"6503, WA",821
"6505, WA",107
"6507, WA",161
"6509, WA",141
"6510, WA",770
"6511, WA",242
"6513, WA",64
"6514, WA",284
"6515, WA",194
"6516, WA",667
"6517, WA",198
"6518, WA",53
"6519, WA",266
"6521, WA",133
"6522, WA",200
"6525, WA",1490
"6528, WA",114
"6530, WA",12276
"6532, WA",2290
"6535, WA",691
"6536, WA",953
"6537, WA",603
"6556, WA",693
"6558, WA",310
"6560, WA",470
"6562, WA",445
"6564, WA",131
"6566, WA",1254
"6567, WA",156
"6568, WA",94
"6569, WA",143
"6575, WA",90
"6603, WA",459
"6606, WA",139
"6608, WA",96
"6609, WA",241
"6612, WA",98
"6620, WA",76
"6623, WA",457
"6628, WA",72
"6630, WA",210
"6635, WA",128
"6638, WA",241
"6639, WA",79
"6640, WA",183
"6642, WA",416
"6646, WA",177
"6701, WA",3428
"6705, WA",101
"6707, WA",1939
"6710, WA",655
"6713, WA",501
"6714, WA",5820
"6716, WA",209
"6718, WA",277
"6720, WA",802
"6721, WA",1784
"6722, WA",3455
"6725, WA",4449
"6726, WA",2681
"6728, WA",2146
"6740, WA",804
"6743, WA",2984
"6751, WA",1425
"6753, WA",1811
"6754, WA",509
"6758, WA",83
"6760, WA",160
"6762, WA",65
"6765, WA",566
"6770, WA",918
"6907, WA",81
"7000, Tas",5886
"7004, Tas",3141
"7005, Tas",5143
"7007, Tas",1187
"7008, Tas",4984
"7009, Tas",5295
"7010, Tas",6892
"7011, Tas",5905
"7012, Tas",306
"7015, Tas",4080
"7016, Tas",901
"7017, Tas",1649
"7018, Tas",8359
"7019, Tas",2134
"7020, Tas",837
"7021, Tas",865
"7022, Tas",337
"7023, Tas",144
"7024, Tas",183
"7025, Tas",682
"7026, Tas",333
"7027, Tas",157
"7030, Tas",6255
"7050, Tas",4700
"7052, Tas",2559
"7053, Tas",1336
"7054, Tas",2855
"7055, Tas",159
"7109, Tas",3060
"7112, Tas",1158
"7113, Tas",384
"7116, Tas",957
"7117, Tas",346
"7120, Tas",821
"7140, Tas",4182
"7150, Tas",1061
"7155, Tas",389
"7162, Tas",249
"7163, Tas",93
"7170, Tas",1621
"7171, Tas",1228
"7172, Tas",1238
"7173, Tas",2529
"7176, Tas",158
"7177, Tas",197
"7178, Tas",149
"7179, Tas",151
"7180, Tas",124
"7182, Tas",103
"7183, Tas",37
"7184, Tas",335
"7186, Tas",115
"7190, Tas",1311
"7209, Tas",201
"7210, Tas",442
"7211, Tas",161
"7212, Tas",711
"7213, Tas",124
"7214, Tas",280
"7215, Tas",1434
"7216, Tas",1505
"7248, Tas",6302
"7249, Tas",5203
"7250, Tas",19151
"7252, Tas",890
"7253, Tas",2091
"7254, Tas",185
"7255, Tas",343
"7256, Tas",712
"7257, Tas",36
"7258, Tas",327
"7259, Tas",189
"7260, Tas",1284
"7261, Tas",89
"7262, Tas",734
"7263, Tas",281
"7264, Tas",305
"7265, Tas",113
"7267, Tas",320
"7268, Tas",420
"7270, Tas",1767
"7275, Tas",1214
"7276, Tas",232
"7277, Tas",1865
"7290, Tas",794
"7291, Tas",338
"7292, Tas",273
"7300, Tas",1151
"7301, Tas",1650
"7302, Tas",685
"7303, Tas",984
"7304, Tas",2383
"7305, Tas",485
"7306, Tas",1510
"7307, Tas",3700
"7310, Tas",11007
"7315, Tas",5780
"7316, Tas",2355
"7320, Tas",6902
"7321, Tas",1810
"7322, Tas",1613
"7325, Tas",3450
"7330, Tas",2595
"7331, Tas",201
"7467, Tas",906
"7468, Tas",305
"7469, Tas",404
"7470, Tas",430
Unclassified (Aust.),14
"0800, NT",2100
"0810, NT",11275
"0812, NT",6784
"0820, NT",7545
"0822, NT",5435
"0828, NT",391
"0829, NT",321
"0830, NT",6289
"0832, NT",3293
"0835, NT",2234
"0836, NT",2471
"0837, NT",204
"0838, NT",309
"0840, NT",374
"0841, NT",244
"0845, NT",188
"0846, NT",131
"0847, NT",168
"0850, NT",3106
"0852, NT",2464
"0853, NT",163
"0854, NT",237
"0860, NT",1042
"0862, NT",247
"0870, NT",9747
"0880, NT",1677
"0885, NT",307
"0886, NT",541
"2600, ACT",2920
"2601, ACT",1067
"2602, ACT",11882
"2603, ACT",3584
"2604, ACT",3934
"2605, ACT",4369
"2606, ACT",3680
"2607, ACT",5371
"2609, ACT",420
"2611, ACT",8996
"2612, ACT",6323
"2614, ACT",7548
"2615, ACT",16211
"2617, ACT",10924
"2900, ACT",732
"2902, ACT",5782
"2903, ACT",3513
"2904, ACT",4652
"2905, ACT",10230
"2906, ACT",6225
"2911, ACT",247
"2912, ACT",2626
"2913, ACT",9011
"2914, ACT",4500
"6798, OT",559
"6799, OT",155
2540 crosses NSW/OT,16376
2618 crosses NSW/ACT,472
2620 crosses NSW/ACT,14493
3585 crosses Vic./NSW,4364
3644 crosses Vic./NSW,3506
4383 crosses Qld/NSW,300
4825 crosses Qld/NT,8362
0872 crosses NT/SA/WA,4020
Migratory - Offshore - Shipping (Aust.),0
Total,8182565
,
,
Cells in this table have been randomly adjusted to avoid the release of confidential data. No reliance should be placed on small cells.,
